Movie Title,Released Year,Duration,Restrticted Rating,Rating (Star out of 10),User Vote,Director (1),Director (2),Director (3),Starring (1),Starring (2),Starring (3),Synopsis
 The Shawshank Redemption,1994,2h 22m,R,9.3, 2.9M,Frank Darabont,,,Tim Robbins,Morgan Freeman,Bob Gunton,"Over the course of several years, two convicts form a friendship, seeking consolation and, eventually, redemption through basic compassion."
 The Godfather,1972,2h 55m,R,9.2, 2M,Francis Ford Coppola,,,Marlon Brando,Al Pacino,James Caan,The aging patriarch of an organized crime dynasty transfers control of his clandestine empire to his reluctant son.
 The Dark Knight,2008,2h 32m,PG-13,9.0, 2.9M,Christopher Nolan,,,Christian Bale,Heath Ledger,Aaron Eckhart,"When the menace known as the Joker wreaks havoc and chaos on the people of Gotham, Batman must accept one of the greatest psychological and physical tests of his ability to fight injustice."
 The Godfather Part II,1974,3h 22m,R,9.0, 1.4M,Francis Ford Coppola,,,Al Pacino,Robert De Niro,Robert Duvall,"The early life and career of Vito Corleone in 1920s New York City is portrayed, while his son, Michael, expands and tightens his grip on the family crime syndicate."
 12 Angry Men,1957,1h 36m,Approved,9.0, 871K,Sidney Lumet,,,Henry Fonda,Lee J. Cobb,Martin Balsam,The jury in a New York City murder trial is frustrated by a single member whose skeptical caution forces them to more carefully consider the evidence before jumping to a hasty verdict.
 Schindler's List,1993,3h 15m,R,9.0, 1.5M,Steven Spielberg,,,Liam Neeson,Ralph Fiennes,Ben Kingsley,"In German-occupied Poland during World War II, industrialist Oskar Schindler gradually becomes concerned for his Jewish workforce after witnessing their persecution by the Nazis."
 The Lord of the Rings: The Return of the King,2003,3h 21m,PG-13,9.0, 2M,Peter Jackson,,,Elijah Wood,Viggo Mortensen,Ian McKellen,Gandalf and Aragorn lead the World of Men against Sauron's army to draw his gaze from Frodo and Sam as they approach Mount Doom with the One Ring.
 Pulp Fiction,1994,2h 34m,R,8.9, 2.2M,Quentin Tarantino,,,John Travolta,Uma Thurman,Samuel L. Jackson,"The lives of two mob hitmen, a boxer, a gangster and his wife, and a pair of diner bandits intertwine in four tales of violence and redemption."
 The Lord of the Rings: The Fellowship of the Ring,2001,2h 58m,PG-13,8.9, 2M,Peter Jackson,,,Elijah Wood,Ian McKellen,Orlando Bloom,A meek Hobbit from the Shire and eight companions set out on a journey to destroy the powerful One Ring and save Middle-earth from the Dark Lord Sauron.
" The Good, the Bad and the Ugly",1966,2h 58m,R,8.8, 815K,Sergio Leone,,,Clint Eastwood,Eli Wallach,Lee Van Cleef,A bounty hunting scam joins two men in an uneasy alliance against a third in a race to find a fortune in gold buried in a remote cemetery.
 Forrest Gump,1994,2h 22m,PG-13,8.8, 2.3M,Robert Zemeckis,,,Tom Hanks,Robin Wright,Gary Sinise,"The history of the United States from the 1950s to the '70s unfolds from the perspective of an Alabama man with an IQ of 75, who yearns to be reunited with his childhood sweetheart."
 The Lord of the Rings: The Two Towers,2002,2h 59m,PG-13,8.8, 1.8M,Peter Jackson,,,Elijah Wood,Ian McKellen,Viggo Mortensen,"While Frodo and Sam edge closer to Mordor with the help of the shifty Gollum, the divided fellowship makes a stand against Sauron's new ally, Saruman, and his hordes of Isengard."
 Fight Club,1999,2h 19m,R,8.8, 2.3M,David Fincher,,,Brad Pitt,Edward Norton,Meat Loaf,An insomniac office worker and a devil-may-care soap maker form an underground fight club that evolves into much more.
 Inception,2010,2h 28m,PG-13,8.8, 2.6M,Christopher Nolan,,,Leonardo DiCaprio,Joseph Gordon-Levitt,Elliot Page,"A thief who steals corporate secrets through the use of dream-sharing technology is given the inverse task of planting an idea into the mind of a C.E.O., but his tragic past may doom the project and his team to disaster."
 Star Wars: Episode V - The Empire Strikes Back,1980,2h 4m,PG,8.7, 1.4M,Irvin Kershner,,,Mark Hamill,Harrison Ford,Carrie Fisher,"After the Rebel Alliance are overpowered by the Empire, Luke Skywalker begins his Jedi training with Yoda, while his friends are pursued across the galaxy by Darth Vader and bounty hunter Boba Fett."
 The Matrix,1999,2h 16m,R,8.7, 2.1M,Lana Wachowski,Lilly Wachowski,,Keanu Reeves,Laurence Fishburne,Carrie-Anne Moss,"When a beautiful stranger leads computer hacker Neo to a forbidding underworld, he discovers the shocking truth--the life he knows is the elaborate deception of an evil cyber-intelligence."
 Goodfellas,1990,2h 25m,R,8.7, 1.3M,Martin Scorsese,,,Robert De Niro,Ray Liotta,Joe Pesci,"The story of Henry Hill and his life in the mafia, covering his relationship with his wife Karen and his mob partners Jimmy Conway and Tommy DeVito."
 One Flew Over the Cuckoo's Nest,1975,2h 13m,R,8.7, 1.1M,Milos Forman,,,Jack Nicholson,Louise Fletcher,Michael Berryman,"In the Fall of 1963, a Korean War veteran and criminal pleads insanity and is admitted to a mental institution, where he rallies up the scared patients against the tyrannical nurse."
 Se7en,1995,2h 7m,R,8.6, 1.8M,David Fincher,,,Morgan Freeman,Brad Pitt,Kevin Spacey,"Two detectives, a rookie and a veteran, hunt a serial killer who uses the seven deadly sins as his motives."
 Interstellar,2014,2h 49m,PG-13,8.7, 2.1M,Christopher Nolan,,,Matthew McConaughey,Anne Hathaway,Jessica Chastain,"When Earth becomes uninhabitable in the future, a farmer and ex-NASA pilot, Joseph Cooper, is tasked to pilot a spacecraft, along with a team of researchers, to find a new planet for humans."
 It's a Wonderful Life,1946,2h 10m,PG,8.6, 501K,Frank Capra,,,James Stewart,Donna Reed,Lionel Barrymore,An angel is sent from Heaven to help a desperately frustrated businessman by showing him what life would have been like if he had never existed.
 Seven Samurai,1954,3h 27m,Not Rated,8.6, 368K,Akira Kurosawa,,,Toshirô Mifune,Takashi Shimura,Keiko Tsushima,"Farmers from a village exploited by bandits hire a veteran samurai for protection, who gathers six other samurai to join him."
 The Silence of the Lambs,1991,1h 58m,R,8.6, 1.6M,Jonathan Demme,,,Jodie Foster,Anthony Hopkins,Scott Glenn,"A young F.B.I. cadet must receive the help of an incarcerated and manipulative cannibal killer to help catch another serial killer, a madman who skins his victims."
 Saving Private Ryan,1998,2h 49m,R,8.6, 1.5M,Steven Spielberg,,,Tom Hanks,Matt Damon,Tom Sizemore,"Following the Normandy Landings, a group of U.S. soldiers go behind enemy lines to retrieve a paratrooper whose brothers have been killed in action."
 City of God,2002,2h 10m,R,8.6, 804K,Fernando Meirelles,Kátia Lund,,Alexandre Rodrigues,Leandro Firmino,Matheus Nachtergaele,"In the slums of Rio, two kids' paths diverge as one struggles to become a photographer and the other a kingpin."
 Life Is Beautiful,1997,1h 56m,PG-13,8.6, 746K,Roberto Benigni,,,Roberto Benigni,Nicoletta Braschi,Giorgio Cantarini,"When an open-minded Jewish waiter and his son become victims of the Holocaust, he uses a perfect mixture of will, humor and imagination to protect his son from the dangers around their camp."
 The Green Mile,1999,3h 9m,R,8.6, 1.4M,Frank Darabont,,,Tom Hanks,Michael Clarke Duncan,David Morse,"A tale set on death row, where gentle giant John Coffey possesses the mysterious power to heal people's ailments. When the lead guard, Paul Edgecombe, recognizes John's gift, he tries to help stave off the condemned man's execution."
 Terminator 2: Judgment Day,1991,2h 17m,R,8.6, 1.2M,James Cameron,,,Arnold Schwarzenegger,Linda Hamilton,Edward Furlong,"A cyborg, identical to the one who failed to kill Sarah Connor, must now protect her ten year old son John from an even more advanced and powerful cyborg."
 Star Wars: Episode IV - A New Hope,1977,2h 1m,PG,8.6, 1.5M,George Lucas,,,Mark Hamill,Harrison Ford,Carrie Fisher,"Luke Skywalker joins forces with a Jedi Knight, a cocky pilot, a Wookiee and two droids to save the galaxy from the Empire's world-destroying battle station, while also attempting to rescue Princess Leia from the mysterious Darth Vader."
 Dune: Part Two,2024,2h 46m,PG-13,8.6, 442K,Denis Villeneuve,,,Timothée Chalamet,Zendaya,Rebecca Ferguson,Paul Atreides unites with Chani and the Fremen while seeking revenge against the conspirators who destroyed his family.
 Back to the Future,1985,1h 56m,PG,8.5, 1.3M,Robert Zemeckis,,,Michael J. Fox,Christopher Lloyd,Lea Thompson,"Marty McFly, a 17-year-old high school student, is accidentally sent 30 years into the past in a time-traveling DeLorean invented by his close friend, the maverick scientist Doc Brown."
 Spirited Away,2001,2h 5m,PG,8.6, 855K,Hayao Miyazaki,,,Daveigh Chase,Suzanne Pleshette,Miyu Irino,"During her family's move to the suburbs, a sullen 10-year-old girl wanders into a world ruled by gods, witches and spirits, and where humans are changed into beasts."
 The Pianist,2002,2h 30m,R,8.5, 918K,Roman Polanski,,,Adrien Brody,Thomas Kretschmann,Frank Finlay,"During WWII, acclaimed Polish musician Wladyslaw faces various struggles as he loses contact with his family. As the situation worsens, he hides in the ruins of Warsaw in order to survive."
 Parasite,2019,2h 12m,R,8.5, 969K,Bong Joon Ho,,,Song Kang-ho,Lee Sun-kyun,Cho Yeo-jeong,Greed and class discrimination threaten the newly-formed symbiotic relationship between the wealthy Park family and the destitute Kim clan.
 Psycho,1960,1h 49m,R,8.5, 722K,Alfred Hitchcock,,,Anthony Perkins,Janet Leigh,Vera Miles,A secretary on the run for embezzlement takes refuge at a secluded California motel owned by a repressed man and his overbearing mother.
 Gladiator,2000,2h 35m,R,8.5, 1.6M,Ridley Scott,,,Russell Crowe,Joaquin Phoenix,Connie Nielsen,A former Roman General sets out to exact vengeance against the corrupt emperor who murdered his family and sent him into slavery.
 Spider-Man: Across the Spider-Verse,2023,2h 20m,PG,8.6, 378K,Joaquim Dos Santos,Kemp Powers,Justin K. Thompson,Shameik Moore,Hailee Steinfeld,Brian Tyree Henry,"Miles Morales catapults across the multiverse, where he encounters a team of Spider-People charged with protecting its very existence. When the heroes clash on how to handle a new threat, Miles must redefine what it means to be a hero."
 The Lion King,1994,1h 28m,G,8.5, 1.1M,Roger Allers,Rob Minkoff,,Matthew Broderick,Jeremy Irons,James Earl Jones,"Lion prince Simba and his father are targeted by his bitter uncle, who wants to ascend the throne himself."
 The Departed,2006,2h 31m,R,8.5, 1.4M,Martin Scorsese,,,Leonardo DiCaprio,Matt Damon,Jack Nicholson,An undercover cop and a mole in the police attempt to identify each other while infiltrating an Irish gang in South Boston.
 Léon: The Professional,1994,1h 50m,R,8.5, 1.3M,Luc Besson,,,Jean Reno,Gary Oldman,Natalie Portman,"12-year-old Mathilda is reluctantly taken in by Léon, a professional assassin, after her family is murdered. An unusual relationship forms as she becomes his protégée and learns the assassin's trade."
 American History X,1998,1h 59m,R,8.5, 1.2M,Tony Kaye,,,Edward Norton,Edward Furlong,Beverly D'Angelo,"Living a life marked by violence, neo-Nazi Derek finally goes to prison after killing two black youths. Upon his release, Derek vows to change; he hopes to prevent his brother, Danny, who idolizes Derek, from following in his footsteps."
 Whiplash,2014,1h 46m,R,8.5, 998K,Damien Chazelle,,,Miles Teller,J.K. Simmons,Melissa Benoist,A promising young drummer enrolls at a cut-throat music conservatory where his dreams of greatness are mentored by an instructor who will stop at nothing to realize a student's potential.
 The Prestige,2006,2h 10m,PG-13,8.5, 1.4M,Christopher Nolan,,,Christian Bale,Hugh Jackman,Scarlett Johansson,"After a tragic accident, two stage magicians in 1890s London engage in a battle to create the ultimate illusion while sacrificing everything they have to outwit each other."
 Grave of the Fireflies,1988,1h 29m,Not Rated,8.5, 313K,Isao Takahata,,,Tsutomu Tatsumi,Ayano Shiraishi,Akemi Yamaguchi,A young boy and his little sister struggle to survive in Japan during World War II.
 Harakiri,1962,2h 13m,Not Rated,8.6, 70K,Masaki Kobayashi,,,Tatsuya Nakadai,Akira Ishihama,Shima Iwashita,"When a ronin requesting seppuku at a feudal lord's palace is told of the brutal suicide of another ronin who previously visited, he reveals how their pasts are intertwined - and in doing so challenges the clan's integrity."
 The Usual Suspects,1995,1h 46m,R,8.5, 1.1M,Bryan Singer,,,Kevin Spacey,Gabriel Byrne,Chazz Palminteri,The sole survivor of a pier shoot-out tells the story of how a notorious criminal influenced the events that began with five criminals meeting in a seemingly random police lineup.
 Casablanca,1942,1h 42m,PG,8.5, 608K,Michael Curtiz,,,Humphrey Bogart,Ingrid Bergman,Paul Henreid,A cynical expatriate American cafe owner struggles to decide whether or not to help his former lover and her fugitive husband escape the Nazis in French Morocco.
 The Intouchables,2011,1h 52m,R,8.5, 934K,Olivier Nakache,Éric Toledano,,François Cluzet,Omar Sy,Anne Le Ny,"After he becomes a quadriplegic from a paragliding accident, an aristocrat hires a young man from the projects to be his caregiver."
 Cinema Paradiso,1988,2h 54m,PG,8.5, 284K,Giuseppe Tornatore,,,Philippe Noiret,Enzo Cannavale,Antonella Attili,A filmmaker recalls his childhood when falling in love with the pictures at the cinema of his home village and forms a deep friendship with the cinema's projectionist.
 Modern Times,1936,1h 27m,G,8.5, 261K,Charles Chaplin,,,Charles Chaplin,Paulette Goddard,Henry Bergman,The Tramp struggles to live in modern industrial society with the help of a young homeless woman.
 Rear Window,1954,1h 52m,PG,8.5, 525K,Alfred Hitchcock,,,James Stewart,Grace Kelly,Wendell Corey,"A wheelchair-bound photographer spies on his neighbors from his Greenwich Village courtyard apartment window and, despite the skepticism of his fashion-model girlfriend, becomes convinced one of them has committed murder."
 Once Upon a Time in the West,1968,2h 46m,PG-13,8.5, 350K,Sergio Leone,,,Henry Fonda,Charles Bronson,Claudia Cardinale,A mysterious stranger with a harmonica joins forces with a notorious desperado to protect a beautiful widow from a ruthless assassin working for the railroad.
 Alien,1979,1h 57m,R,8.5, 956K,Ridley Scott,,,Sigourney Weaver,Tom Skerritt,John Hurt,The crew of a commercial spacecraft encounters a deadly lifeform after investigating a mysterious transmission of unknown origin.
 City Lights,1931,1h 27m,G,8.5, 197K,Charles Chaplin,,,Charles Chaplin,Virginia Cherrill,Florence Lee,"With the aid of a wealthy erratic tippler, a dewy-eyed tramp who has fallen in love with a sightless flower girl accumulates money to be able to help her medically."
 Django Unchained,2012,2h 45m,R,8.5, 1.7M,Quentin Tarantino,,,Jamie Foxx,Christoph Waltz,Leonardo DiCaprio,"With the help of a German bounty-hunter, a freed slave sets out to rescue his wife from a brutal plantation owner in Mississippi."
 Apocalypse Now,1979,2h 27m,R,8.4, 713K,Francis Ford Coppola,,,Martin Sheen,Marlon Brando,Robert Duvall,A U.S. Army officer serving in Vietnam is tasked with assassinating a renegade Special Forces Colonel who sees himself as a god.
 Memento,2000,1h 53m,R,8.4, 1.3M,Christopher Nolan,,,Guy Pearce,Carrie-Anne Moss,Joe Pantoliano,A man with short-term memory loss attempts to track down his wife's murderer.
 WALL·E,2008,1h 38m,G,8.4, 1.2M,Andrew Stanton,,,Ben Burtt,Elissa Knight,Jeff Garlin,"In the distant future, a small waste-collecting robot inadvertently embarks on a space journey that will ultimately decide the fate of mankind."
 12th Fail,2023,2h 27m,,8.9, 118K,Vidhu Vinod Chopra,,,Vikrant Massey,Medha Shankr,Anant Joshi,The real-life story of IPS Officer Manoj Kumar Sharma and IRS Officer Shraddha Joshi.
 Raiders of the Lost Ark,1981,1h 55m,PG,8.4, 1M,Steven Spielberg,,,Harrison Ford,Karen Allen,Paul Freeman,"In 1936, archaeologist and adventurer Indiana Jones is hired by the U.S. government to find the Ark of the Covenant before the Nazis can obtain its awesome powers."
 The Lives of Others,2006,2h 17m,R,8.4, 412K,Florian Henckel von Donnersmarck,,,Ulrich Mühe,Martina Gedeck,Sebastian Koch,"In 1984 East Berlin, an agent of the secret police conducting surveillance on a writer and his lover finds himself becoming increasingly absorbed by their lives."
 Sunset Boulevard,1950,1h 50m,Approved,8.4, 237K,Billy Wilder,,,William Holden,Gloria Swanson,Erich von Stroheim,A screenwriter develops a dangerous relationship with a faded film star determined to make a triumphant return.
 Avengers: Infinity War,2018,2h 29m,PG-13,8.4, 1.2M,Anthony Russo,Joe Russo,,Robert Downey Jr.,Chris Hemsworth,Mark Ruffalo,The Avengers and their allies must be willing to sacrifice all in an attempt to defeat the powerful Thanos before his blitz of devastation and ruin puts an end to the universe.
 Paths of Glory,1957,1h 28m,Approved,8.4, 214K,Stanley Kubrick,,,Kirk Douglas,Ralph Meeker,Adolphe Menjou,"After a failed attack on a German position, a general orders three soldiers, chosen at random, court-martialed for cowardice and their commanding officer must defend them."
 Spider-Man: Into the Spider-Verse,2018,1h 57m,PG,8.4, 677K,Bob Persichetti,Peter Ramsey,Rodney Rothman,Shameik Moore,Jake Johnson,Hailee Steinfeld,Teen Miles Morales becomes the Spider-Man of his universe and must join with five spider-powered individuals from other dimensions to stop a threat for all realities.
 Witness for the Prosecution,1957,1h 56m,Approved,8.4, 139K,Billy Wilder,,,Tyrone Power,Marlene Dietrich,Charles Laughton,A veteran British barrister must defend his client in a murder trial that has surprise after surprise.
 The Shining,1980,2h 26m,R,8.4, 1.1M,Stanley Kubrick,,,Jack Nicholson,Shelley Duvall,Danny Lloyd,"A family heads to an isolated hotel for the winter where a sinister presence influences the father into violence, while his psychic son sees horrific forebodings from both past and future."
 The Great Dictator,1940,2h 5m,G,8.4, 238K,Charles Chaplin,,,Charles Chaplin,Paulette Goddard,Jack Oakie,Dictator Adenoid Hynkel tries to expand his empire while a poor Jewish barber tries to avoid persecution from Hynkel's regime.
 Aliens,1986,2h 17m,R,8.4, 767K,James Cameron,,,Sigourney Weaver,Michael Biehn,Carrie Henn,"Decades after surviving the Nostromo incident, Ellen Ripley is sent out to re-establish contact with a terraforming colony but finds herself battling the Alien Queen and her offspring."
 Inglourious Basterds,2009,2h 33m,R,8.4, 1.6M,Quentin Tarantino,,,Brad Pitt,Diane Kruger,Eli Roth,"In Nazi-occupied France during World War II, a plan to assassinate Nazi leaders by a group of Jewish U.S. soldiers coincides with a theatre owner's vengeful plans for the same."
 The Dark Knight Rises,2012,2h 44m,PG-13,8.4, 1.8M,Christopher Nolan,,,Christian Bale,Tom Hardy,Anne Hathaway,"Eight years after the Joker's reign of chaos, Batman is coerced out of exile with the assistance of the mysterious Selina Kyle in order to defend Gotham City from the vicious guerrilla terrorist Bane."
 Dr. Strangelove or: How I Learned to Stop Worrying and Love the Bomb,1964,1h 35m,PG,8.3, 520K,Stanley Kubrick,,,Peter Sellers,George C. Scott,Sterling Hayden,"An unhinged American general orders a bombing attack on the Soviet Union, triggering a path to nuclear holocaust that a war room full of politicians and generals frantically tries to stop."
 Coco,2017,1h 45m,PG,8.4, 596K,Lee Unkrich,Adrian Molina,,Anthony Gonzalez,Gael García Bernal,Benjamin Bratt,"Aspiring musician Miguel, confronted with his family's ancestral ban on music, enters the Land of the Dead to find his great-great-grandfather, a legendary singer."
 Oldboy,2003,2h,R,8.3, 640K,Park Chan-wook,,,Choi Min-sik,Yoo Ji-tae,Kang Hye-jeong,"After being kidnapped and imprisoned for fifteen years, Oh Dae-Su is released, only to find that he must track down his captor in five days."
 American Beauty,1999,2h 2m,R,8.3, 1.2M,Sam Mendes,,,Kevin Spacey,Annette Bening,Thora Birch,A sexually frustrated suburban father has a mid-life crisis after becoming infatuated with his daughter's best friend.
 Amadeus,1984,2h 40m,PG,8.4, 430K,Milos Forman,,,F. Murray Abraham,Tom Hulce,Elizabeth Berridge,"The life, success and troubles of Wolfgang Amadeus Mozart, as told by Antonio Salieri, the contemporaneous composer who was deeply jealous of Mozart's talent and claimed to have murdered him."
 Toy Story,1995,1h 21m,G,8.3, 1.1M,John Lasseter,,,Tom Hanks,Tim Allen,Don Rickles,A cowboy doll is profoundly threatened and jealous when a new spaceman action figure supplants him as top toy in a boy's bedroom.
 Avengers: Endgame,2019,3h 1m,PG-13,8.4, 1.3M,Anthony Russo,Joe Russo,,Robert Downey Jr.,Chris Evans,Mark Ruffalo,"After the devastating events of Avengers: Infinity War (2018), the universe is in ruins. With the help of remaining allies, the Avengers assemble once more in order to reverse Thanos' actions and restore balance to the universe."
 Das Boot,1981,2h 29m,,8.4, 265K,Wolfgang Petersen,,,Jürgen Prochnow,Herbert Grönemeyer,Klaus Wennemann,A German U-boat stalks the frigid waters of the North Atlantic as its young crew experience the sheer terror and claustrophobic life of a submariner in World War II.
 Braveheart,1995,2h 58m,R,8.3, 1.1M,Mel Gibson,,,Mel Gibson,Sophie Marceau,Patrick McGoohan,Scottish warrior William Wallace leads his countrymen in a rebellion to free his homeland from the tyranny of King Edward I of England.
 Good Will Hunting,1997,2h 6m,R,8.3, 1.1M,Gus Van Sant,,,Robin Williams,Matt Damon,Ben Affleck,"Will Hunting, a janitor at M.I.T., has a gift for mathematics, but needs help from a psychologist to find direction in his life."
 Princess Mononoke,1997,2h 14m,PG-13,8.3, 436K,Hayao Miyazaki,,,Yôji Matsuda,Yuriko Ishida,Yûko Tanaka,"On a journey to find the cure for a Tatarigami's curse, Ashitaka finds himself in the middle of a war between the forest gods and Tatara, a mining colony. In this quest he also meets San, the Mononoke Hime."
 Joker,2019,2h 2m,R,8.4, 1.5M,Todd Phillips,,,Joaquin Phoenix,Robert De Niro,Zazie Beetz,"During the 1980s, a failed stand-up comedian is driven insane and turns to a life of crime and chaos in Gotham City while becoming an infamous psychopathic crime figure."
 Your Name.,2016,1h 46m,,8.4, 324K,Makoto Shinkai,,,Ryunosuke Kamiki,Mone Kamishiraishi,Ryo Narita,"Two teenagers share a profound, magical connection upon discovering they are swapping bodies. Things manage to become even more complicated when the boy and girl decide to meet in person."
 High and Low,1963,2h 23m,Not Rated,8.4, 54K,Akira Kurosawa,,,Toshirô Mifune,Yutaka Sada,Tatsuya Nakadai,An executive of a Yokohama shoe company becomes a victim of extortion when his chauffeur's son is kidnapped by mistake and held for ransom.
 Once Upon a Time in America,1984,3h 49m,R,8.3, 379K,Sergio Leone,,,Robert De Niro,James Woods,Elizabeth McGovern,"A former Prohibition-era Jewish gangster returns to the Lower East Side of Manhattan 35 years later, where he must once again confront the ghosts and regrets of his old life."
 3 Idiots,2009,2h 50m,PG-13,8.4, 437K,Rajkumar Hirani,,,Aamir Khan,Madhavan,Mona Singh,"Two friends are searching for their long lost companion. They revisit their college days and recall the memories of their friend who inspired them to think differently, even as the rest of the world called them ""idiots""."
 Singin' in the Rain,1952,1h 43m,G,8.3, 262K,Stanley Donen,Gene Kelly,,Gene Kelly,Donald O'Connor,Debbie Reynolds,A silent film star falls for a chorus girl just as he and his delusionally jealous screen partner are trying to make the difficult transition to talking pictures in 1920s Hollywood.
 Capernaum,2018,2h 6m,R,8.4, 106K,Nadine Labaki,,,Zain Al Rafeea,Yordanos Shiferaw,Boluwatife Treasure Bankole,"While serving a five-year sentence for a violent crime, a 12-year-old boy sues his parents for neglect."
 Come and See,1985,2h 22m,Not Rated,8.4, 98K,Elem Klimov,,,Aleksey Kravchenko,Olga Mironova,Liubomiras Laucevicius,"After finding an old rifle, a young boy joins the Soviet resistance movement against ruthless German forces and experiences the horrors of World War II."
 Requiem for a Dream,2000,1h 42m,NC-17,8.3, 902K,Darren Aronofsky,,,Ellen Burstyn,Jared Leto,Jennifer Connelly,The drug-induced utopias of four Coney Island people are shattered when their addictions run deep..
 Toy Story 3,2010,1h 43m,G,8.3, 896K,Lee Unkrich,,,Tom Hanks,Tim Allen,Joan Cusack,"The toys are mistakenly delivered to a day-care center instead of the attic right before Andy leaves for college, and it's up to Woody to convince the other toys that they weren't abandoned and to return home."
 Star Wars: Episode VI - Return of the Jedi,1983,2h 11m,PG,8.3, 1.1M,Richard Marquand,,,Mark Hamill,Harrison Ford,Carrie Fisher,"After rescuing Han Solo from Jabba the Hutt, the Rebel Alliance attempt to destroy the second Death Star, while Luke struggles to help Darth Vader back from the dark side."
 Eternal Sunshine of the Spotless Mind,2004,1h 48m,R,8.3, 1.1M,Michel Gondry,,,Jim Carrey,Kate Winslet,Tom Wilkinson,"When their relationship turns sour, a couple undergoes a medical procedure to have each other erased from their memories forever."
 The Hunt,2012,1h 55m,R,8.3, 367K,Thomas Vinterberg,,,Mads Mikkelsen,Thomas Bo Larsen,Annika Wedderkopp,"A teacher lives a lonely life, all the while struggling over his son's custody. His life slowly gets better as he finds love and receives good news from his son, but his new luck is about to be brutally shattered by an innocent little lie."
 2001: A Space Odyssey,1968,2h 29m,G,8.3, 723K,Stanley Kubrick,,,Keir Dullea,Gary Lockwood,William Sylvester,"After uncovering a mysterious artifact buried beneath the Lunar surface, a spacecraft is sent to Jupiter to find its origins: a spacecraft manned by two men and the supercomputer HAL 9000."
 Reservoir Dogs,1992,1h 39m,R,8.3, 1.1M,Quentin Tarantino,,,Harvey Keitel,Tim Roth,Michael Madsen,"When a simple jewelry heist goes horribly wrong, the surviving criminals begin to suspect that one of them is a police informant."
 Ikiru,1952,2h 23m,Not Rated,8.3, 88K,Akira Kurosawa,,,Takashi Shimura,Nobuo Kaneko,Shin'ichi Himori,A bureaucrat tries to find meaning in his life after he discovers he has terminal cancer.
 Oppenheimer,2023,3h,R,8.3, 752K,Christopher Nolan,,,Cillian Murphy,Emily Blunt,Matt Damon,The story of American scientist J. Robert Oppenheimer and his role in the development of the atomic bomb.
 Lawrence of Arabia,1962,3h 38m,PG,8.3, 316K,David Lean,,,Peter O'Toole,Alec Guinness,Anthony Quinn,"The story of T.E. Lawrence, the English officer who successfully united and led the diverse, often warring, Arab tribes during World War I in order to fight the Turks."
 The Apartment,1960,2h 5m,Approved,8.3, 198K,Billy Wilder,,,Jack Lemmon,Shirley MacLaine,Fred MacMurray,"A Manhattan insurance clerk tries to rise in his company by letting its executives use his apartment for trysts, but complications and a romance of his own ensue."
 Incendies,2010,2h 11m,R,8.3, 203K,Denis Villeneuve,,,Lubna Azabal,Mélissa Désormeaux-Poulin,Maxim Gaudette,Twins journey to the Middle East to discover their family history and fulfill their mother's last wishes.
 North by Northwest,1959,2h 16m,Approved,8.3, 347K,Alfred Hitchcock,,,Cary Grant,Eva Marie Saint,James Mason,"A New York City advertising executive goes on the run after being mistaken for a government agent by a group of foreign spies, and falls for a woman whose loyalties he begins to doubt."
 Citizen Kane,1941,1h 59m,PG,8.3, 467K,Orson Welles,,,Orson Welles,Joseph Cotten,Dorothy Comingore,"Following the death of publishing tycoon Charles Foster Kane, reporters scramble to uncover the meaning of his final utterance: 'Rosebud.'"
 M,1931,1h 39m,Passed,8.3, 169K,Fritz Lang,,,Peter Lorre,Ellen Widmann,Inge Landgut,"When the police in a German city are unable to catch a child-murderer, other criminals join in the manhunt."
 Scarface,1983,2h 50m,R,8.3, 921K,Brian De Palma,,,Al Pacino,Michelle Pfeiffer,Steven Bauer,"In 1980 Miami, a determined Cuban immigrant takes over a drug cartel and succumbs to greed."
 Double Indemnity,1944,1h 47m,Approved,8.3, 168K,Billy Wilder,,,Fred MacMurray,Barbara Stanwyck,Edward G. Robinson,"A Los Angeles insurance representative lets an alluring housewife seduce him into a scheme of insurance fraud and murder that arouses the suspicion of his colleague, an insurance investigator."
 Vertigo,1958,2h 8m,PG,8.3, 429K,Alfred Hitchcock,,,James Stewart,Kim Novak,Barbara Bel Geddes,"A former San Francisco police detective juggles wrestling with his personal demons and becoming obsessed with the hauntingly beautiful woman he has been hired to trail, who may be deeply disturbed."
 Full Metal Jacket,1987,1h 56m,R,8.3, 794K,Stanley Kubrick,,,Matthew Modine,R. Lee Ermey,Vincent D'Onofrio,A pragmatic U.S. Marine observes the dehumanizing effects the Vietnam War has on his fellow recruits from their brutal boot camp training to the bloody street fighting in Hue.
 Amélie,2001,2h 2m,R,8.3, 797K,Jean-Pierre Jeunet,,,Audrey Tautou,Mathieu Kassovitz,Rufus,"Despite being caught in her imaginative world, Amelie, a young waitress, decides to help people find happiness. Her quest to spread joy leads her on a journey where she finds true love."
 Heat,1995,2h 50m,R,8.3, 723K,Michael Mann,,,Al Pacino,Robert De Niro,Val Kilmer,A group of high-end professional thieves start to feel the heat from the LAPD when they unknowingly leave a verbal clue at their latest heist.
 Up,2009,1h 36m,PG,8.3, 1.1M,Pete Docter,Bob Peterson,,Edward Asner,Jordan Nagai,John Ratzenberger,"78-year-old Carl Fredricksen travels to Paradise Falls in his house equipped with balloons, inadvertently taking a young stowaway."
 A Clockwork Orange,1971,2h 16m,R,8.3, 884K,Stanley Kubrick,,,Malcolm McDowell,Patrick Magee,Michael Bates,"In the future, a sadistic gang leader is imprisoned and volunteers for a conduct-aversion experiment, but it doesn't go as planned."
 To Kill a Mockingbird,1962,2h 9m,Approved,8.3, 334K,Robert Mulligan,,,Gregory Peck,John Megna,Frank Overton,"Atticus Finch, a widowed lawyer in Depression-era Alabama, defends a Black man against an undeserved rape charge, and tries to educate his young children against prejudice."
 A Separation,2011,2h 3m,PG-13,8.3, 260K,Asghar Farhadi,,,Payman Maadi,Leila Hatami,Sareh Bayat,A married couple are faced with a difficult decision - to improve the life of their child by moving to another country or to stay in Iran and look after a deteriorating parent who has Alzheimer's disease.
 The Sting,1973,2h 9m,PG,8.3, 281K,George Roy Hill,,,Paul Newman,Robert Redford,Robert Shaw,Two grifters team up to pull off the ultimate con.
 Indiana Jones and the Last Crusade,1989,2h 7m,PG-13,8.2, 814K,Steven Spielberg,,,Harrison Ford,Sean Connery,Alison Doody,"In 1938, after his father goes missing while pursuing the Holy Grail, Indiana Jones finds himself up against the Nazis again to stop them from obtaining its powers."
 Die Hard,1988,2h 12m,R,8.2, 949K,John McTiernan,,,Bruce Willis,Alan Rickman,Bonnie Bedelia,A New York City police officer tries to save his estranged wife and several others taken hostage by terrorists during a Christmas party at the Nakatomi Plaza in Los Angeles.
 Like Stars on Earth,2007,2h 42m,PG,8.3, 208K,Aamir Khan,Amole Gupte,,Darsheel Safary,Aamir Khan,Tisca Chopra,"An eight-year-old boy is thought to be a lazy trouble-maker, until the new art teacher has the patience and compassion to discover the real problem behind his struggles in school."
 Metropolis,1927,2h 33m,Not Rated,8.3, 186K,Fritz Lang,,,Brigitte Helm,Alfred Abel,Gustav Fröhlich,"In a futuristic city sharply divided between the working class and the city planners, the son of the city's mastermind falls in love with a working-class prophet who predicts the coming of a savior to mediate their differences."
 Snatch,2000,1h 42m,R,8.2, 914K,Guy Ritchie,,,Jason Statham,Brad Pitt,Stephen Graham,"Unscrupulous boxing promoters, violent bookmakers, a Russian gangster, incompetent amateur robbers and supposedly Jewish jewelers fight to track down a priceless stolen diamond."
 L.A. Confidential,1997,2h 18m,R,8.2, 621K,Curtis Hanson,,,Kevin Spacey,Russell Crowe,Guy Pearce,"As corruption grows in 1950s Los Angeles, three policemen - one strait-laced, one brutal, and one sleazy - investigate a series of murders with their own brand of justice."
 1917,2019,1h 59m,R,8.2, 681K,Sam Mendes,,,Dean-Charles Chapman,George MacKay,Daniel Mays,"April 6th, 1917. As an infantry battalion assembles to wage war deep in enemy territory, two soldiers are assigned to race against time and deliver a message that will stop 1,600 men from walking straight into a deadly trap."
 Hamilton,2020,2h 40m,PG-13,8.3, 115K,Thomas Kail,,,Lin-Manuel Miranda,Phillipa Soo,Leslie Odom Jr.,"The real life of one of America's foremost founding fathers and first Secretary of the Treasury, Alexander Hamilton. Captured live on Broadway from the Richard Rodgers Theater with the original Broadway cast."
 Bicycle Thieves,1948,1h 29m,Not Rated,8.3, 176K,Vittorio De Sica,,,Lamberto Maggiorani,Enzo Staiola,Lianella Carell,"In post-war Italy, a working-class man's bicycle is stolen, endangering his efforts to find work. He and his son set out to find it."
 Taxi Driver,1976,1h 54m,R,8.2, 926K,Martin Scorsese,,,Robert De Niro,Jodie Foster,Cybill Shepherd,"A mentally unstable veteran works as a nighttime taxi driver in New York City, where the perceived decadence and sleaze fuels his urge for violent action."
 Downfall,2004,2h 36m,R,8.2, 376K,Oliver Hirschbiegel,,,Bruno Ganz,Alexandra Maria Lara,Ulrich Matthes,"Traudl Junge, the final secretary for Adolf Hitler, tells of the Nazi dictator's final days in his Berlin bunker at the end of WWII."
 Dangal,2016,2h 41m,Not Rated,8.3, 212K,Nitesh Tiwari,,,Aamir Khan,Sakshi Tanwar,Fatima Sana Shaikh,Former wrestler Mahavir Singh Phogat and his two wrestler daughters struggle towards glory at the Commonwealth Games in the face of societal oppression.
 For a Few Dollars More,1965,2h 12m,R,8.2, 276K,Sergio Leone,,,Clint Eastwood,Lee Van Cleef,Gian Maria Volontè,"Two bounty hunters with the same intentions team up to track down a gang of outlaws led by a psychotic Mexican bandit, who is plotting an audacious bank robbery."
 Batman Begins,2005,2h 20m,PG-13,8.2, 1.6M,Christopher Nolan,,,Christian Bale,Michael Caine,Ken Watanabe,"After witnessing his parents' death, Bruce learns the art of fighting to confront injustice. When he returns to Gotham as Batman, he must stop a secret society that intends to destroy the city."
 The Wolf of Wall Street,2013,3h,R,8.2, 1.6M,Martin Scorsese,,,Leonardo DiCaprio,Jonah Hill,Margot Robbie,"Based on the true story of Jordan Belfort, from his rise to a wealthy stock-broker living the high life to his fall involving crime, corruption and the federal government."
 Some Like It Hot,1959,2h 1m,Approved,8.2, 285K,Billy Wilder,,,Marilyn Monroe,Tony Curtis,Jack Lemmon,"After two male musicians witness a mob hit, they flee the state in an all-female band disguised as women, but further complications set in."
 Green Book,2018,2h 10m,PG-13,8.2, 578K,Peter Farrelly,,,Viggo Mortensen,Mahershala Ali,Linda Cardellini,A working-class Italian-American bouncer becomes the driver for an African-American classical pianist on a tour of venues through the 1960s American South.
 The Kid,1921,1h 8m,Passed,8.2, 135K,Charles Chaplin,,,Charles Chaplin,Edna Purviance,Jackie Coogan,"The Tramp cares for an abandoned child, but events put their relationship in jeopardy."
 The Father,2020,1h 37m,PG-13,8.2, 195K,Florian Zeller,,,Anthony Hopkins,Olivia Colman,Mark Gatiss,"A man refuses all assistance from his daughter as he ages. As he tries to make sense of his changing circumstances, he begins to doubt his loved ones, his own mind and even the fabric of his reality."
 Judgment at Nuremberg,1961,2h 59m,Approved,8.3, 86K,Stanley Kramer,,,Spencer Tracy,Burt Lancaster,Richard Widmark,"In 1948, an American court in occupied Germany tries four Nazis judged for war crimes."
 The Truman Show,1998,1h 43m,PG,8.2, 1.2M,Peter Weir,,,Jim Carrey,Ed Harris,Laura Linney,An insurance salesman discovers his whole life is actually a reality TV show.
 All About Eve,1950,2h 18m,Approved,8.2, 139K,Joseph L. Mankiewicz,,,Bette Davis,Anne Baxter,George Sanders,A seemingly timid but secretly ruthless ingénue insinuates herself into the lives of an aging Broadway star and her circle of theater friends.
 Top Gun: Maverick,2010,2h 18m,R,8.2, 1.5M,Joseph Kosinski,,,Tom Cruise,Jennifer Connelly,Miles Teller,"After thirty years, Maverick is still pushing the envelope as a top naval aviator, but must confront ghosts of his past when he leads TOP GUN's elite graduates on a mission that demands the ultimate sacrifice from those chosen to fly it."
 Shutter Island,2022,2h 10m,PG-13,8.2, 708K,Martin Scorsese,,,Leonardo DiCaprio,Emily Mortimer,Mark Ruffalo,"Teddy Daniels and Chuck Aule, two US marshals, are sent to an asylum on a remote island in order to investigate the disappearance of a patient, where Teddy uncovers a shocking truth about the place."
 There Will Be Blood,2007,2h 38m,R,8.2, 644K,Paul Thomas Anderson,,,Daniel Day-Lewis,Paul Dano,Ciarán Hinds,"A story of family, religion, hatred, oil and madness, focusing on a turn-of-the-century prospector in the early days of the business."
 Casino,1995,2h 58m,R,8.2, 567K,Martin Scorsese,,,Robert De Niro,Sharon Stone,Joe Pesci,"In Las Vegas, two best friends - a casino executive and a mafia enforcer - compete for a gambling empire and a fast-living, fast-loving socialite."
 Jurassic Park,1993,2h 7m,PG-13,8.2, 1.1M,Steven Spielberg,,,Sam Neill,Laura Dern,Jeff Goldblum,A pragmatic paleontologist touring an almost complete theme park on an island in Central America is tasked with protecting a couple of kids after a power failure causes the park's cloned dinosaurs to run loose.
 Ran,1985,2h 40m,R,8.2, 137K,Akira Kurosawa,,,Tatsuya Nakadai,Akira Terao,Jinpachi Nezu,"In Medieval Japan, an elderly warlord retires, handing over his empire to his three sons. However, he vastly underestimates how the new-found power will corrupt them and cause them to turn on each other...and him."
 The Sixth Sense,1999,1h 47m,PG-13,8.2, 1.1M,M. Night Shyamalan,,,Bruce Willis,Haley Joel Osment,Toni Collette,"Malcolm Crowe, a child psychologist, starts treating a young boy, Cole, who encounters dead people and convinces him to help them. In turn, Cole helps Malcolm reconcile with his estranged wife."
 Pan's Labyrinth,2006,1h 58m,R,8.2, 705K,Guillermo del Toro,,,Ivana Baquero,Ariadna Gil,Sergi López,"In the Falangist Spain of 1944, the bookish young stepdaughter of a sadistic army officer escapes into an eerie but captivating fantasy world."
 Unforgiven,1992,2h 10m,R,8.2, 438K,Clint Eastwood,,,Clint Eastwood,Gene Hackman,Morgan Freeman,"Retired Old West gunslinger William Munny reluctantly takes on one last job, with the help of his old partner Ned Logan and a young man, The ""Schofield Kid."""
 No Country for Old Men,2007,2h 2m,R,8.2, 1.1M,Ethan Coen,Joel Coen,,Tommy Lee Jones,Javier Bardem,Josh Brolin,Violence and mayhem ensue after a hunter stumbles upon the aftermath of a drug deal gone wrong and over two million dollars in cash near the Rio Grande.
 A Beautiful Mind,2001,2h 15m,PG-13,8.2, 991K,Ron Howard,,,Russell Crowe,Ed Harris,Jennifer Connelly,"A mathematical genius, John Nash made an astonishing discovery early in his career and stood on the brink of international acclaim. But the handsome and arrogant Nash soon found himself on a harrowing journey of self-discovery."
 The Thing,1982,1h 49m,R,8.2, 469K,John Carpenter,,,Kurt Russell,Wilford Brimley,Keith David,A research team in Antarctica is hunted by a shape-shifting alien that assumes the appearance of its victims.
 Kill Bill: Vol. 1,2003,1h 51m,R,8.2, 1.2M,Quentin Tarantino,,,Uma Thurman,David Carradine,Daryl Hannah,"After awakening from a four-year coma, a former assassin wreaks vengeance on the team of assassins who betrayed her."
 The Treasure of the Sierra Madre,1948,2h 6m,Approved,8.2, 133K,John Huston,,,Humphrey Bogart,Walter Huston,Tim Holt,Two down-on-their-luck Americans searching for work in 1920s Mexico convince an old prospector to help them mine for gold in the Sierra Madre Mountains.
 Yojimbo,1961,1h 50m,Not Rated,8.2, 132K,Akira Kurosawa,,,Toshirô Mifune,Eijirô Tôno,Tatsuya Nakadai,A crafty ronin comes to a town divided by two criminal gangs and decides to play them against each other to free the town.
 Monty Python and the Holy Grail,1975,1h 31m,PG,8.2, 572K,Terry Gilliam,Terry Jones,,Graham Chapman,John Cleese,Eric Idle,"King Arthur and his Knights of the Round Table embark on a surreal, low-budget search for the Holy Grail, encountering many, very silly obstacles."
 The Great Escape,1963,2h 52m,Approved,8.2, 260K,John Sturges,,,Steve McQueen,James Garner,Richard Attenborough,Allied prisoners of war plan for several hundred of their number to escape from a German camp during World War II.
 Finding Nemo,2003,1h 40m,G,8.2, 1.1M,Andrew Stanton,Lee Unkrich,,Albert Brooks,Ellen DeGeneres,Alexander Gould,"After his son is captured in the Great Barrier Reef and taken to Sydney, a timid clownfish sets out on a journey to bring him home."
 Prisoners,2013,2h 33m,R,8.2, 815K,Denis Villeneuve,,,Hugh Jackman,Jake Gyllenhaal,Viola Davis,"When Keller Dover's daughter and her friend go missing, he takes matters into his own hands as the police pursue multiple leads and the pressure mounts."
 Howl's Moving Castle,2004,1h 59m,PG,8.2, 453K,Hayao Miyazaki,,,Chieko Baishô,Takuya Kimura,Tatsuya Gashûin,"When an unconfident young woman is cursed with an old body by a spiteful witch, her only chance of breaking the spell lies with a self-indulgent yet insecure young wizard and his companions in his legged, walking castle."
 Rashomon,1950,1h 28m,Not Rated,8.2, 181K,Akira Kurosawa,,,Toshirô Mifune,Machiko Kyô,Masayuki Mori,"The rape of a bride and the murder of her samurai husband are recalled from the perspectives of a bandit, the bride, the samurai's ghost and a woodcutter."
 The Elephant Man,1980,2h 4m,PG,8.2, 259K,David Lynch,,,Anthony Hopkins,John Hurt,Anne Bancroft,"A Victorian surgeon rescues a heavily disfigured man who is mistreated while scraping a living as a side-show freak. Behind his monstrous façade, there is revealed a person of kindness, intelligence and sophistication."
 Dial M for Murder,1954,1h 45m,PG,8.2, 190K,Alfred Hitchcock,,,Ray Milland,Grace Kelly,Robert Cummings,A former tennis star arranges the murder of his adulterous wife.
 Chinatown,1974,2h 10m,R,8.1, 351K,Roman Polanski,,,Jack Nicholson,Faye Dunaway,John Huston,"A private detective hired to expose an adulterer in 1930s Los Angeles finds himself caught up in a web of deceit, corruption, and murder."
 Gone with the Wind,1939,3h 58m,G,8.2, 335K,Victor Fleming,George Cukor,Sam Wood,Clark Gable,Vivien Leigh,Thomas Mitchell,A sheltered and manipulative Southern belle and a roguish profiteer face off in a turbulent romance as the society around them crumbles with the end of slavery and is rebuilt during the Civil War and Reconstruction periods.
" Lock, Stock and Two Smoking Barrels",1998,1h 47m,R,8.1, 618K,Guy Ritchie,,,Jason Flemyng,Dexter Fletcher,Nick Moran,"Eddy persuades his three pals to pool money for a vital poker game against a powerful local mobster, Hatchet Harry. Eddy loses, after which Harry gives him a week to pay back 500,000 pounds."
 The Secret in Their Eyes,2009,2h 9m,R,8.2, 223K,Juan José Campanella,,,Ricardo Darín,Soledad Villamil,Pablo Rago,A retired legal counselor writes a novel hoping to find closure for one of his past unresolved homicide cases and for his unreciprocated love with his superior - both of which still haunt him decades later.
 V for Vendetta,2005,2h 12m,R,8.2, 1.2M,James McTeigue,,,Hugo Weaving,Natalie Portman,Rupert Graves,"In a future British dystopian society, a shadowy freedom fighter, known only by the alias of ""V"", plots to overthrow the tyrannical government - with the help of a young woman."
 Inside Out,2015,1h 35m,PG,8.1, 791K,Pete Docter,Ronnie Del Carmen,,Amy Poehler,Bill Hader,Lewis Black,"After young Riley is uprooted from her Midwest life and moved to San Francisco, her emotions - Joy, Fear, Anger, Disgust and Sadness - conflict on how best to navigate a new city, house, and school."
 Raging Bull,1980,2h 9m,R,8.1, 382K,Martin Scorsese,,,Robert De Niro,Cathy Moriarty,Joe Pesci,"The life of boxer Jake LaMotta, whose violence and temper that led him to the top in the ring destroyed his life outside of it."
" Three Billboards Outside Ebbing, Missouri",2017,1h 55m,R,8.1, 558K,Martin McDonagh,,,Frances McDormand,Woody Harrelson,Sam Rockwell,A mother personally challenges the local authorities to solve her daughter's murder when they fail to catch the culprit.
 Trainspotting,1996,1h 33m,R,8.1, 728K,Danny Boyle,,,Ewan McGregor,Ewen Bremner,Jonny Lee Miller,"Renton, deeply immersed in the Edinburgh drug scene, tries to clean up and get out despite the allure of drugs and the influence of friends."
 The Bridge on the River Kwai,1957,2h 41m,PG,8.1, 234K,David Lean,,,William Holden,Alec Guinness,Jack Hawkins,"British POWs are forced to build a railway bridge across the river Kwai for their Japanese captors in occupied Burma, not knowing that the allied forces are planning a daring commando raid through the jungle to destroy it."
 Klaus,2019,1h 36m,PG,8.2, 191K,Sergio Pablos,Carlos Martínez López,,Jason Schwartzman,J.K. Simmons,Rashida Jones,"A simple act of kindness always sparks another, even in a frozen, faraway place. When Smeerensburg's new postman, Jesper, befriends toymaker Klaus, their gifts melt an age-old feud and deliver a sleigh full of holiday traditions."
 Fargo,1996,1h 38m,R,8.1, 730K,Joel Coen,Ethan Coen,,William H. Macy,Frances McDormand,Steve Buscemi,Minnesota car salesman Jerry Lundegaard's inept crime falls apart due to his and his henchmen's bungling and the persistent police work of the quite pregnant Marge Gunderson.
 Catch Me If You Can,2002,2h 21m,PG-13,8.1, 1.1M,Steven Spielberg,,,Leonardo DiCaprio,Tom Hanks,Christopher Walken,"Barely 17 yet, Frank is a skilled forger who has passed as a doctor, lawyer and pilot. FBI agent Carl becomes obsessed with tracking down the con man, who only revels in the pursuit."
 Spider-Man: No Way Home,2021,2h 28m,PG-13,8.2, 887K,Jon Watts,,,Tom Holland,Zendaya,Benedict Cumberbatch,"With Spider-Man's identity now revealed, Peter asks Doctor Strange for help. When a spell goes wrong, dangerous foes from other worlds start to appear, forcing Peter to discover what it truly means to be Spider-Man."
 Warrior,2011,2h 20m,PG-13,8.1, 500K,Gavin O'Connor,,,Tom Hardy,Nick Nolte,Joel Edgerton,"The youngest son of an alcoholic former boxer returns home, where he's trained by his father for competition in a mixed martial arts tournament - a path that puts the fighter on a collision course with his estranged, older brother."
 Gran Torino,2008,1h 56m,R,8.1, 817K,Clint Eastwood,,,Clint Eastwood,Bee Vang,Christopher Carley,"After a Hmong teenager tries to steal his prized 1972 Gran Torino, a disgruntled, prejudiced Korean War veteran seeks to redeem both the boy and himself."
 Million Dollar Baby,2004,2h 12m,PG-13,8.1, 724K,Clint Eastwood,,,Hilary Swank,Clint Eastwood,Morgan Freeman,"Frankie, an ill-tempered old coach, reluctantly agrees to train aspiring boxer Maggie. Impressed with her determination and talent, he helps her become the best and the two soon form a close bond."
 Harry Potter and the Deathly Hallows: Part 2,2011,2h 10m,PG-13,8.1, 953K,David Yates,,,Daniel Radcliffe,Emma Watson,Rupert Grint,"Harry, Ron, and Hermione search for Voldemort's remaining Horcruxes in their effort to destroy the Dark Lord as the final battle rages on at Hogwarts."
 My Neighbor Totoro,1988,1h 26m,G,8.1, 383K,Hayao Miyazaki,,,Hitoshi Takagi,Noriko Hidaka,Chika Sakamoto,"When two girls move to the country to be near their ailing mother, they have adventures with the wondrous forest spirits who live nearby."
 Children of Heaven,1997,1h 29m,PG,8.2, 81K,Majid Majidi,,,Mohammad Amir Naji,Amir Farrokh Hashemian,Bahare Seddiqi,"After a boy loses his sister's pair of shoes, he goes on a series of adventures in order to find them. When he can't, he tries a new way to ""win"" a new pair."
 12 Years a Slave,2013,2h 14m,R,8.1, 744K,Steve McQueen,,,Chiwetel Ejiofor,Michael Kenneth Williams,Michael Fassbender,"In the antebellum United States, Solomon Northup, a free Black man from upstate New York, is abducted and sold into slavery."
 Ben-Hur,1959,3h 32m,G,8.1, 255K,William Wyler,,,Charlton Heston,Jack Hawkins,Stephen Boyd,"After a Jewish prince is betrayed and sent into slavery by a Roman friend in 1st-century Jerusalem, he regains his freedom and comes back for revenge."
 Blade Runner,1982,1h 57m,R,8.1, 826K,Ridley Scott,,,Harrison Ford,Rutger Hauer,Sean Young,A blade runner must pursue and terminate four replicants who stole a ship in space and have returned to Earth to find their creator.
 Before Sunrise,1995,1h 41m,R,8.1, 341K,Richard Linklater,,,Ethan Hawke,Julie Delpy,Andrea Eckert,"A young man and woman meet on a train in Europe, and wind up spending one evening together in Vienna. Unfortunately, both know that this will probably be their only night together."
 The Grand Budapest Hotel,2014,1h 39m,R,8.1, 891K,Wes Anderson,,,Ralph Fiennes,F. Murray Abraham,Mathieu Amalric,"A writer encounters the owner of an aging high-class hotel, who tells him of his early years serving as a lobby boy in the hotel's glorious years under an exceptional concierge."
 Barry Lyndon,1975,3h 5m,PG,8.1, 184K,Stanley Kubrick,,,Ryan O'Neal,Marisa Berenson,Patrick Magee,An Irish rogue wins the heart of a rich widow and assumes her dead husband's aristocratic position in 18th-century England.
 Mad Max: Fury Road,2015,2h,R,8.1, 1.1M,George Miller,,,Tom Hardy,Charlize Theron,Nicholas Hoult,"In a post-apocalyptic wasteland, a woman rebels against a tyrannical ruler in search for her homeland with the aid of a group of female prisoners, a psychotic worshiper and a drifter named Max."
 Gone Girl,2014,2h 29m,R,8.1, 1.1M,David Fincher,,,Ben Affleck,Rosamund Pike,Neil Patrick Harris,"With his wife's disappearance having become the focus of an intense media circus, a man sees the spotlight turned on him when it's suspected that he may not be innocent."
 Hacksaw Ridge,2016,2h 19m,R,8.1, 599K,Mel Gibson,,,Andrew Garfield,Sam Worthington,Luke Bracey,"World War II American Army Medic Desmond T. Doss, serving during the Battle of Okinawa, refuses to kill people and becomes the first man in American history to receive the Medal of Honor without firing a shot."
 The Gold Rush,1925,1h 35m,Approved,8.1, 119K,Charles Chaplin,,,Charles Chaplin,Mack Swain,Tom Murray,"A prospector goes to the Klondike during the 1890s gold rush in hopes of making his fortune, and is smitten with a girl he sees in a dance hall."
 Dead Poets Society,1989,2h 8m,PG,8.1, 550K,Peter Weir,,,Robin Williams,Robert Sean Leonard,Ethan Hawke,"Maverick teacher John Keating returns in 1959 to the prestigious New England boys' boarding school where he was once a star student, using poetry to embolden his pupils to new heights of self-expression."
 Memories of Murder,2003,2h 12m,Not Rated,8.1, 219K,Bong Joon Ho,,,Song Kang-ho,Kim Sang-kyung,Kim Roe-ha,"In a small Korean province in 1986, two detectives struggle with the case of multiple young women being found raped and murdered by an unknown culprit."
 In the Name of the Father,1993,2h 13m,R,8.1, 188K,Jim Sheridan,,,Daniel Day-Lewis,Pete Postlethwaite,Alison Crosbie,"An Irish man's coerced confession to an I.R.A. bombing he did not commit results in the imprisonment of his father as well. Meanwhile, a British lawyer fights to clear their names and free them."
 Wild Tales,2014,2h 2m,R,8.1, 218K,Damián Szifron,,,Darío Grandinetti,María Marull,Mónica Villa,Six short stories that explore the extremities of human behavior involving people in distress.
 The Deer Hunter,1978,3h 3m,R,8.1, 364K,Michael Cimino,,,Robert De Niro,Christopher Walken,John Cazale,An in-depth examination of the ways in which the Vietnam War impacts and disrupts the lives of several friends in a small steel mill town in Pennsylvania.
" Monsters, Inc.",2001,1h 32m,G,8.1, 983K,Pete Docter,David Silverman,Lee Unkrich,Billy Crystal,John Goodman,Mary Gibbs,"In order to power the city, monsters have to scare children so that they scream. However, the children are toxic to the monsters, and after a child gets through, two monsters realize things may not be what they think."
 The General,1926,1h 18m,Passed,8.1, 99K,Clyde Bruckman,Buster Keaton,,Buster Keaton,Marion Mack,Glen Cavender,"After being rejected by the Confederate military, not realizing it was due to his crucial civilian role, an engineer must single-handedly recapture his beloved locomotive after it is seized by Union spies and return it through enemy lines."
 On the Waterfront,1954,1h 48m,Approved,8.1, 166K,Elia Kazan,,,Marlon Brando,Karl Malden,Lee J. Cobb,"An ex-prize fighter turned New Jersey longshoreman struggles to stand up to his corrupt union bosses, including his older brother, as he starts to connect with the grieving sister of one of the syndicate's victims."
 Sherlock Jr.,1924,45m,Passed,8.2, 57K,Buster Keaton,,,Buster Keaton,Kathryn McGuire,Joe Keaton,"A film projectionist longs to be a detective, and puts his meagre skills to work when he is framed by a rival for stealing his girlfriend's father's pocketwatch."
 How to Train Your Dragon,2010,1h 38m,PG,8.1, 804K,Dean DeBlois,Chris Sanders,,Jay Baruchel,Gerard Butler,Christopher Mintz-Plasse,"A hapless young Viking who aspires to hunt dragons becomes the unlikely friend of a young dragon himself, and learns there may be more to the creatures than he assumed."
 Jaws,1975,2h 4m,PG,8.1, 663K,Steven Spielberg,,,Roy Scheider,Robert Shaw,Richard Dreyfuss,"When a killer shark unleashes chaos on a beach community off Cape Cod, it's up to a local sheriff, a marine biologist, and an old seafarer to hunt the beast down."
 The Third Man,1949,1h 33m,Approved,8.1, 183K,Carol Reed,,,Orson Welles,Joseph Cotten,Alida Valli,"Pulp novelist Holly Martins travels to shadowy, postwar Vienna, only to find himself investigating the mysterious death of an old friend, Harry Lime."
 The Wages of Fear,1953,2h 11m,Not Rated,8.1, 67K,Henri-Georges Clouzot,,,Yves Montand,Charles Vanel,Peter van Eyck,"In a decrepit South American village, four men are hired to transport an urgent nitroglycerine shipment without the equipment that would make it safe."
 Mary and Max,2009,1h 32m,Not Rated,8.1, 187K,Adam Elliot,,,Toni Collette,Philip Seymour Hoffman,Eric Bana,"In 1976 Melbourne, a lonely 8-year-old girl strikes up a correspondence with an unlikely pen pal: a severely obese 44-year-old New Yorker with Asperger's syndrome."
 Wild Strawberries,1957,1h 31m,Not Rated,8.1, 115K,Ingmar Bergman,,,Victor Sjöström,Bibi Andersson,Ingrid Thulin,"After living a life marked by coldness, an aging professor is forced to confront the emptiness of his existence."
 Ratatouille,2007,1h 51m,G,8.1, 831K,Brad Bird,Jan Pinkava,,Brad Garrett,Lou Romano,Patton Oswalt,A rat who can cook makes an unusual alliance with a young kitchen worker at a famous Paris restaurant.
 Mr. Smith Goes to Washington,1939,2h 9m,Approved,8.1, 122K,Frank Capra,,,James Stewart,Jean Arthur,Claude Rains,"A naive youth leader is appointed to fill a vacancy in the U.S. Senate. His idealistic plans promptly collide with corruption at home and subterfuge from his hero in Washington, but he tries to forge ahead despite attacks on his character."
 Ford v Ferrari,2019,2h 32m,PG-13,8.1, 481K,James Mangold,,,Matt Damon,Christian Bale,Jon Bernthal,American car designer Carroll Shelby and driver Ken Miles battle corporate interference and the laws of physics to build a revolutionary race car for Ford in order to defeat Ferrari at the 24 Hours of Le Mans in 1966.
 Tokyo Story,1953,2h 16m,Not Rated,8.1, 69K,Yasujirô Ozu,,,Chishû Ryû,Chieko Higashiyama,Sô Yamamura,"An old couple visit their children and grandchildren in the city, but receive little attention."
 The Big Lebowski,1998,1h 57m,R,8.1, 864K,Joel Coen,Ethan Coen,,Jeff Bridges,John Goodman,Julianne Moore,"Jeff ""The Dude"" Lebowski, mistaken for a millionaire of the same name, seeks restitution for his ruined rug and enlists his bowling buddies to help get it."
 Room,2015,1h 58m,R,8.1, 452K,Lenny Abrahamson,,,Brie Larson,Jacob Tremblay,Sean Bridgers,"A little boy is held captive in a room with his mother since his birth, so he has never known the world outside."
 The Seventh Seal,1976,2h,PG,8.1, 631K,John G. Avildsen,,,Max von Sydow,Gunnar Björnstrand,Bengt Ekerot,"A knight returning to Sweden after the Crusades seeks answers about life, death, and the existence of God as he plays chess against the Grim Reaper during the Black Plague."
 Rocky,1957,1h 36m,Not Rated,8.1, 199K,Ingmar Bergman,,,Sylvester Stallone,Talia Shire,Burt Young,A small-time Philadelphia boxer gets a supremely rare chance to fight the world heavyweight champion in a bout in which he strives to go the distance for his self-respect.
 Logan,2017,2h 17m,R,8.1, 837K,James Mangold,,,Hugh Jackman,Patrick Stewart,Dafne Keen,"In a future where mutants are nearly extinct, an elderly and weary Logan leads a quiet life. But when Laura, a mutant child pursued by scientists, comes to him for help, he must get her to safety."
 Spotlight,2015,2h 9m,R,8.1, 504K,Tom McCarthy,,,Mark Ruffalo,Michael Keaton,Rachel McAdams,"The true story of how the Boston Globe uncovered the massive scandal of child molestation and cover-up within the local Catholic Archdiocese, shaking the entire Catholic Church to its core."
 Hotel Rwanda,2004,2h 1m,PG-13,8.1, 373K,Terry George,,,Don Cheadle,Sophie Okonedo,Joaquin Phoenix,"Paul Rusesabagina, a hotel manager, houses over a thousand Tutsi refugees during their struggle against the Hutu militia in Rwanda, Africa."
 The Terminator,1984,1h 47m,R,8.1, 928K,James Cameron,,,Arnold Schwarzenegger,Linda Hamilton,Michael Biehn,"A human soldier is sent from 2029 to 1984 to stop an almost indestructible cyborg killing machine, sent from the same year, which has been programmed to execute a young woman whose unborn son is the key to humanity's future salvation."
 Platoon,1986,2h,R,8.1, 441K,Oliver Stone,,,Charlie Sheen,Tom Berenger,Willem Dafoe,"Chris Taylor, a neophyte recruit in Vietnam, finds himself caught in a battle of wills between two sergeants, one good and the other evil. A shrewd examination of the brutality of war and the duality of man in conflict."
 La haine,1995,1h 38m,Not Rated,8.1, 198K,Mathieu Kassovitz,,,Vincent Cassel,Hubert Koundé,Saïd Taghmaoui,24 hours in the lives of three young men in the French suburbs the day after a violent riot.
 The Passion of Joan of Arc,1928,1h 54m,Passed,8.1, 61K,Carl Theodor Dreyer,,,Maria Falconetti,Eugene Silvain,André Berley,"In 1431, Jeanne d'Arc is placed on trial on charges of heresy. The ecclesiastical jurists attempt to force Jeanne to recant her claims of holy visions."
 Before Sunset,2004,1h 20m,R,8.1, 289K,Richard Linklater,,,Ethan Hawke,Julie Delpy,Vernon Dobtcheff,"Nine years after Jesse and Celine first met, they encounter each other again on the French leg of Jesse's book tour."
 The Best Years of Our Lives,1946,2h 50m,Approved,8.1, 71K,William Wyler,,,Myrna Loy,Dana Andrews,Fredric March,"Three World War II veterans, two of them traumatized or disabled, return home to the American midwest to discover that they and their families have been irreparably changed."
 Pirates of the Caribbean: The Curse of the Black Pearl,2003,2h 23m,PG-13,8.1, 1.2M,Gore Verbinski,,,Johnny Depp,Geoffrey Rush,Orlando Bloom,"Blacksmith Will Turner teams up with eccentric pirate ""Captain"" Jack Sparrow to save Elizabeth Swann, the governor's daughter and his love, from Jack's former pirate allies, who are now undead."
 The Exorcist,1973,2h 2m,R,8.1, 457K,William Friedkin,,,Ellen Burstyn,Max von Sydow,Linda Blair,"When a young girl is possessed by a mysterious entity, her mother seeks the help of two Catholic priests to save her life."
 Jai Bhim,2021,2h 44m,Approved,8.7, 218K,T.J. Gnanavel,,,Suriya,Lijo Mol Jose,Manikandan K.,"When a tribal man is arrested for a case of alleged theft, his wife turns to a human-rights lawyer to help bring justice."
 Rush,2013,2h 3m,R,8.1, 516K,Ron Howard,,,Daniel Brühl,Chris Hemsworth,Olivia Wilde,The merciless 1970s rivalry between Formula One rivals James Hunt and Niki Lauda.
 Network,1976,2h 1m,R,8.1, 171K,Sidney Lumet,,,Faye Dunaway,William Holden,Peter Finch,"A television network cynically exploits a deranged former anchor's ravings and revelations about the news media for its own profit, but finds that his message may be difficult to control."
 The Wizard of Oz,1939,1h 42m,G,8.1, 430K,Victor Fleming,King Vidor,,Judy Garland,Frank Morgan,Ray Bolger,"Young Dorothy Gale and her dog Toto are swept away by a tornado from their Kansas farm to the magical Land of Oz, and embark on a quest with three new friends to see the Wizard, who can return her to her home and fulfill the others' wishes."
 Stand by Me,1986,1h 29m,R,8.1, 444K,Rob Reiner,,,Wil Wheaton,River Phoenix,Corey Feldman,A writer recounts a childhood journey with his friends to find the body of a missing boy.
 The Incredibles,2004,1h 55m,PG,8.0, 813K,Brad Bird,,,Craig T. Nelson,Samuel L. Jackson,Holly Hunter,"While trying to lead a quiet suburban life, a family of undercover superheroes are forced into action to save the world."
 Hachi: A Dog's Tale,2009,1h 33m,G,8.1, 313K,Lasse Hallström,,,Richard Gere,Joan Allen,Cary-Hiroyuki Tagawa,"Professor Wilson discovers a lost Akita puppy on his way home. Despite objections from his wife, Hachi endears himself to the family and grows to be Parker's loyal companion. As their bond grows deeper, a beautiful relationship unfolds."
 My Father and My Son,2005,1h 52m,Not Rated,8.2, 93K,Çagan Irmak,,,Çetin Tekindor,Fikret Kuskan,Hümeyra,The family of a left-wing journalist is torn apart after the military coup of Turkey in 1980.
 The Handmaiden,2016,2h 25m,Not Rated,8.1, 174K,Park Chan-wook,,,Kim Min-hee,Ha Jung-woo,Cho Jin-woong,"A woman is hired as a handmaiden to a Japanese heiress, but secretly she is involved in a plot to defraud her."
 Into the Wild,1965,2h 52m,G,8.1, 262K,Sean Penn,,,Emile Hirsch,Vince Vaughn,Catherine Keener,"After graduating from Emory University, top student and athlete Christopher McCandless abandons his possessions, gives his entire $24,000 savings account to charity and hitchhikes to Alaska to live in the wilderness. Along the way, Christopher encounters a series of characters that shape his life."
 The Sound of Music,2007,2h 28m,R,8.1, 660K,Robert Wise,,,Julie Andrews,Christopher Plummer,Eleanor Parker,A young novice is sent by her convent in 1930s Austria to become a governess to the seven children of a widowed naval officer.
 To Be or Not to Be,1942,1h 39m,Approved,8.1, 43K,Ernst Lubitsch,,,Carole Lombard,Jack Benny,Robert Stack,"During the German occupation of Poland, an acting troupe becomes embroiled in a Polish soldier's efforts to track down a German spy."
 The Battle of Algiers,1966,2h 1m,Not Rated,8.1, 66K,Gillo Pontecorvo,,,Brahim Hadjadj,Jean Martin,Yacef Saadi,"In the 1950s, fear and violence escalate as the people of Algiers fight for independence from the French government."
 The Grapes of Wrath,1940,2h 9m,Approved,8.1, 100K,John Ford,,,Henry Fonda,Jane Darwell,John Carradine,"An Oklahoma family, driven off their farm by the poverty and hopelessness of the Dust Bowl, joins the westward migration to California, suffering the misfortunes of the homeless in the Great Depression."
 Groundhog Day,1993,1h 41m,PG,8.0, 688K,Harold Ramis,,,Bill Murray,Andie MacDowell,Chris Elliott,"A narcissistic, self-centered weatherman finds himself in a time loop on Groundhog Day."
 Amores Perros,2000,2h 34m,R,8.1, 254K,Alejandro G. Iñárritu,,,Emilio Echevarría,Gael García Bernal,Goya Toledo,"An amateur dog fighter, a supermodel, and a derelict assassin, all separately struggling to find love, find their lives transformed by a devastating car wreck in Mexico City."
 The Iron Giant,1999,1h 26m,PG,8.1, 229K,Brad Bird,,,Eli Marienthal,Harry Connick Jr.,Jennifer Aniston,A young boy befriends a giant robot from outer space that a paranoid government agent wants to destroy.
 Rebecca,1940,2h 10m,Approved,8.1, 147K,Alfred Hitchcock,,,Laurence Olivier,Joan Fontaine,George Sanders,A self-conscious woman juggles adjusting to her new role as an aristocrat's wife and avoiding being intimidated by his first wife's spectral presence.
 Cool Hand Luke,1967,2h 7m,Approved,8.1, 189K,Stuart Rosenberg,,,Paul Newman,George Kennedy,Strother Martin,"A laid-back Southern man is sentenced to two years in a rural prison, but refuses to conform."
 The Help,2011,2h 26m,PG-13,8.1, 495K,Tate Taylor,,,Viola Davis,Emma Stone,Octavia Spencer,"An aspiring author during the civil rights movement of the 1960s decides to write a book detailing the African American maids' point of view on the white families for which they work, and the hardships they go through on a daily basis."
 It Happened One Night,1934,1h 45m,Approved,8.1, 113K,Frank Capra,,,Clark Gable,Claudette Colbert,Walter Connolly,A rogue reporter trailing a runaway heiress for a big story joins her on a bus heading from Florida to New York and they end up stuck with each other when the bus leaves them behind at one of the stops along the way.
 Drishyam,2015,2h 43m,Not Rated,8.2, 95K,Nishikant Kamat,,,Ajay Devgn,Shriya Saran,Tabu,"Desperate measures are taken by a man who tries to save his family from the dark side of the law, after they commit an unexpected crime."
 Dances with Wolves,1990,3h 1m,PG-13,8.0, 292K,Kevin Costner,,,Kevin Costner,Mary McDonnell,Graham Greene,"Lieutenant John Dunbar, assigned to a remote western Civil War outpost, finds himself engaging with a neighbouring Sioux settlement, causing him to question his own purpose."
 Aladdin,1992,1h 30m,G,8.0, 470K,Ron Clements,John Musker,,Scott Weinger,Robin Williams,Linda Larkin,A kind-hearted street urchin and a power-hungry Grand Vizier vie for a magic lamp that has the power to make their deepest wishes come true.
 Gangs of Wasseypur,2012,5h 21m,Not Rated,8.2, 104K,Anurag Kashyap,,,Manoj Bajpayee,Nawazuddin Siddiqui,Tigmanshu Dhulia,"A clash between Sultan and Shahid Khan leads to the expulsion of Khan from Wasseypur, and ignites a deadly blood feud spanning three generations."
